id	type	params_key	value	timestamp	activity_id	event
791	GetValue	cmi.launch_data		9/9/2019, 6:34:11 PM	http://nss-grassblade.com/wordpress/gb_xapi_content/fmla	on launch
792	GetValue	cmi.core.entry	resume	9/9/2019, 6:34:13 PM	http://nss-grassblade.com/wordpress/gb_xapi_content/fmla	on launch
793	GetValue	cmi.core.lesson_location		9/9/2019, 6:34:16 PM	http://nss-grassblade.com/wordpress/gb_xapi_content/fmla	on launch
794	GetValue	cmi.student_preference.language		9/9/2019, 6:34:18 PM	http://nss-grassblade.com/wordpress/gb_xapi_content/fmla	on launch
795	GetValue	cmi.student_preference.audio		9/9/2019, 6:34:20 PM	http://nss-grassblade.com/wordpress/gb_xapi_content/fmla	on launch
796	GetValue	cmi.student_preference.speed		9/9/2019, 6:34:23 PM	http://nss-grassblade.com/wordpress/gb_xapi_content/fmla	on launch
797	GetValue	cmi.student_preference.text		9/9/2019, 6:34:25 PM	http://nss-grassblade.com/wordpress/gb_xapi_content/fmla	on launch
798	GetValue	cmi.core.credit	credit	9/9/2019, 6:34:27 PM	http://nss-grassblade.com/wordpress/gb_xapi_content/fmla	on launch
799	GetValue	cmi.core.lesson_mode		9/9/2019, 6:34:29 PM	http://nss-grassblade.com/wordpress/gb_xapi_content/fmla	on launch
800	GetValue	cmi.suspend_data	1t45060ji1001012a01011010120000	9/9/2019, 6:34:31 PM	http://nss-grassblade.com/wordpress/gb_xapi_content/fmla	on launch
801	GetValue	cmi.core.total_time	0000:00:00	9/9/2019, 6:34:33 PM	http://nss-grassblade.com/wordpress/gb_xapi_content/fmla	on launch
802	GetValue	cmi.core.student_id	007	9/9/2019, 6:34:35 PM	http://nss-grassblade.com/wordpress/gb_xapi_content/fmla	on launch
803	Statement	Statement	"{\\"actor\\":{\\"mbox\\":\\"mailto:deepak@nextsoftwaresolutions.com\\",\\"name\\":\\"nsstester\\",\\"objectType\\":\\"Agent\\"},\\"verb\\":{\\"id\\":\\"http://adlnet.gov/expapi/verbs/attempted\\",\\"display\\":{\\"de-DE\\":\\"versuchte\\",\\"en-US\\":\\"attempted\\",\\"fr-FR\\":\\"a essayé\\",\\"es-ES\\":\\"intentó\\",\\"ar-AR\\":\\"حاول\\"}},\\"object\\":{\\"id\\":\\"http://nss-grassblade.com/wordpress/gb_xapi_content/fmla\\",\\"definition\\":{\\"type\\":\\"http://adlnet.gov/expapi/activities/lesson\\"}},\\"context\\":{\\"contextActivities\\":{\\"grouping\\":[{\\"id\\":\\"http://nss-grassblade.com/wordpress/gb_xapi_content/fmla?attemptId=39143de1-9048-441d-e6e8-2dffc64456da\\",\\"objectType\\":\\"Activity\\",\\"definition\\":{\\"type\\":\\"http://adlnet.gov/expapi/activities/attempt\\"}},{\\"id\\":\\"\\",\\"objectType\\":\\"Activity\\",\\"definition\\":{\\"type\\":\\"http://adlnet.gov/expapi/activities/course\\"}},\\"\\"],\\"category\\":[{\\"id\\":\\"https://w3id.org/xapi/scorm\\"}]},\\"registration\\":\\"3df62ee6-8091-48ce-c271-e1b72a2f5a09\\"},\\"id\\":\\"1a7841bd-6ace-45f4-b667-a3b6c3da44cb\\"}"	9/9/2019, 6:34:37 PM		on launch
804	GetValue	cmi.core.lesson_mode		9/9/2019, 6:34:42 PM	http://nss-grassblade.com/wordpress/gb_xapi_content/fmla	on launch
805	GetValue	cmi.core.lesson_mode		9/9/2019, 6:34:44 PM	http://nss-grassblade.com/wordpress/gb_xapi_content/fmla	on launch
806	GetValue	cmi.core.lesson_status	incomplete	9/9/2019, 6:34:46 PM	http://nss-grassblade.com/wordpress/gb_xapi_content/fmla	on launch
807	SetValue	cmi.core.exit	suspend	9/9/2019, 6:34:48 PM	http://nss-grassblade.com/wordpress/gb_xapi_content/fmla	on launch
808	SetValue	cmi.core.session_time	0000:00:00.2	9/9/2019, 6:34:50 PM	http://nss-grassblade.com/wordpress/gb_xapi_content/fmla	on launch
809	GetValue	cmi.suspend_data	1t45060ji1001012a01011010120000	9/9/2019, 6:34:54 PM	http://nss-grassblade.com/wordpress/gb_xapi_content/fmla	on launch
810	GetValue	cmi.core.lesson_status	incomplete	9/9/2019, 6:34:56 PM	http://nss-grassblade.com/wordpress/gb_xapi_content/fmla	on launch
811	SetValue	cmi.core.lesson_status	incomplete	9/9/2019, 6:36:22 PM	http://nss-grassblade.com/wordpress/gb_xapi_content/fmla	on launch
812	SetValue	cmi.suspend_data	1p0j41090d11010105010100000	9/9/2019, 6:36:24 PM	http://nss-grassblade.com/wordpress/gb_xapi_content/fmla	on launch
813	SetValue	cmi.core.session_time	0000:01:35.73	9/9/2019, 6:36:26 PM	http://nss-grassblade.com/wordpress/gb_xapi_content/fmla	on launch
814	SetValue	cmi.suspend_data	1p0j41090d11010105010100000	9/9/2019, 6:36:30 PM	http://nss-grassblade.com/wordpress/gb_xapi_content/fmla	on launch
815	SetValue	cmi.suspend_data	1f098100101100000	9/9/2019, 6:36:33 PM	http://nss-grassblade.com/wordpress/gb_xapi_content/fmla	on launch
816	SetValue	cmi.suspend_data	1f098100101100000	9/9/2019, 6:44:50 PM	http://nss-grassblade.com/wordpress/gb_xapi_content/fmla	on launch
817	SetValue	cmi.core.session_time	0000:10:02.7	9/9/2019, 6:44:52 PM	http://nss-grassblade.com/wordpress/gb_xapi_content/fmla	on launch
818	SetValue	cmi.suspend_data	1t46050ji1001012a01011010120000	9/9/2019, 6:46:27 PM	http://nss-grassblade.com/wordpress/gb_xapi_content/fmla	
819	SetValue	cmi.interactions.1.id	Scene2_Slide1_TrueFalse_0_0	9/9/2019, 6:46:56 PM	http://nss-grassblade.com/wordpress/gb_xapi_content/fmla	on attempting first question
820	SetValue	cmi.interactions.1.type	true-false	9/9/2019, 6:46:58 PM	http://nss-grassblade.com/wordpress/gb_xapi_content/fmla	on attempting first question
821	SetValue	cmi.interactions.1.student_response	f	9/9/2019, 6:47:00 PM	http://nss-grassblade.com/wordpress/gb_xapi_content/fmla	on attempting first question
822	Statement	Statement	"{\\"actor\\":{\\"mbox\\":\\"mailto:deepak@nextsoftwaresolutions.com\\",\\"name\\":\\"nsstester\\",\\"objectType\\":\\"Agent\\"},\\"verb\\":{\\"id\\":\\"http://adlnet.gov/expapi/verbs/answered\\",\\"display\\":{\\"de-DE\\":\\"beantwortete\\",\\"en-US\\":\\"answered\\",\\"fr-FR\\":\\"a répondu\\",\\"es-ES\\":\\"contestó\\",\\"ar-AR\\":\\"أجاب\\"}},\\"object\\":{\\"objectType\\":\\"Activity\\",\\"id\\":\\"http://nss-grassblade.com/wordpress/gb_xapi_content/fmla/interactions/Scene2_Slide1_TrueFalse_0_0\\",\\"definition\\":{\\"type\\":\\"http://adlnet.gov/expapi/activities/cmi.interaction\\",\\"interactionType\\":\\"true-false\\",\\"correctResponsesPattern\\":[]}},\\"context\\":{\\"contextActivities\\":{\\"parent\\":[{\\"id\\":\\"http://nss-grassblade.com/wordpress/gb_xapi_content/fmla\\",\\"objectType\\":\\"Activity\\",\\"definition\\":{\\"type\\":\\"http://adlnet.gov/expapi/activities/lesson\\"}}],\\"grouping\\":[{\\"id\\":\\"http://nss-grassblade.com/wordpress/gb_xapi_content/fmla?attemptId=39143de1-9048-441d-e6e8-2dffc64456da\\",\\"objectType\\":\\"Activity\\",\\"definition\\":{\\"type\\":\\"http://adlnet.gov/expapi/activities/attempt\\"}},{\\"id\\":\\"\\",\\"objectType\\":\\"Activity\\",\\"definition\\":{\\"type\\":\\"http://adlnet.gov/expapi/activities/course\\"}},\\"\\"],\\"category\\":[{\\"id\\":\\"https://w3id.org/xapi/scorm\\"}]},\\"registration\\":\\"3df62ee6-8091-48ce-c271-e1b72a2f5a09\\"},\\"result\\":{\\"response\\":\\"f\\"},\\"id\\":\\"6ff1fdf9-5b14-4c24-8466-d0808a9b297f\\"}"	9/9/2019, 6:47:02 PM		on attempting first question
823	Statement	Statement	"{\\"actor\\":{\\"mbox\\":\\"mailto:deepak@nextsoftwaresolutions.com\\",\\"name\\":\\"nsstester\\",\\"objectType\\":\\"Agent\\"},\\"verb\\":{\\"id\\":\\"http://adlnet.gov/expapi/verbs/answered\\",\\"display\\":{\\"de-DE\\":\\"beantwortete\\",\\"en-US\\":\\"answered\\",\\"fr-FR\\":\\"a répondu\\",\\"es-ES\\":\\"contestó\\",\\"ar-AR\\":\\"أجاب\\"}},\\"object\\":{\\"objectType\\":\\"Activity\\",\\"id\\":\\"http://nss-grassblade.com/wordpress/gb_xapi_content/fmla/interactions/Scene2_Slide1_TrueFalse_0_0\\",\\"definition\\":{\\"type\\":\\"http://adlnet.gov/expapi/activities/cmi.interaction\\",\\"interactionType\\":\\"\\",\\"correctResponsesPattern\\":[]}},\\"context\\":{\\"contextActivities\\":{\\"parent\\":[{\\"id\\":\\"http://nss-grassblade.com/wordpress/gb_xapi_content/fmla\\",\\"objectType\\":\\"Activity\\",\\"definition\\":{\\"type\\":\\"http://adlnet.gov/expapi/activities/lesson\\"}}],\\"grouping\\":[{\\"id\\":\\"http://nss-grassblade.com/wordpress/gb_xapi_content/fmla?attemptId=39143de1-9048-441d-e6e8-2dffc64456da\\",\\"objectType\\":\\"Activity\\",\\"definition\\":{\\"type\\":\\"http://adlnet.gov/expapi/activities/attempt\\"}},{\\"id\\":\\"\\",\\"objectType\\":\\"Activity\\",\\"definition\\":{\\"type\\":\\"http://adlnet.gov/expapi/activities/course\\"}},\\"\\"],\\"category\\":[{\\"id\\":\\"https://w3id.org/xapi/scorm\\"}]},\\"registration\\":\\"3df62ee6-8091-48ce-c271-e1b72a2f5a09\\"},\\"result\\":{\\"response\\":\\"f\\"},\\"id\\":\\"1dfeed6a-f8b2-42c1-8e58-d85820b0f853\\"}"	9/9/2019, 6:47:05 PM		on attempting first question
824	SetValue	cmi.interactions.1.correct_responses.0.pattern	f	9/9/2019, 6:47:08 PM	http://nss-grassblade.com/wordpress/gb_xapi_content/fmla	on attempting first question
825	SetValue	cmi.interactions.1.result	correct	9/9/2019, 6:47:10 PM	http://nss-grassblade.com/wordpress/gb_xapi_content/fmla	on attempting first question
826	SetValue	cmi.interactions.1.weighting	1	9/9/2019, 6:47:12 PM	http://nss-grassblade.com/wordpress/gb_xapi_content/fmla	on attempting first question
827	SetValue	cmi.interactions.1.objectives.0.id	Results	9/9/2019, 6:47:14 PM	http://nss-grassblade.com/wordpress/gb_xapi_content/fmla	on attempting first question
828	SetValue	cmi.interactions.1.time	18:46:56	9/9/2019, 6:47:16 PM	http://nss-grassblade.com/wordpress/gb_xapi_content/fmla	on attempting first question
829	SetValue	cmi.interactions.2.id	Scene2_Slide1_TrueFalse_0_1	9/9/2019, 6:48:13 PM	http://nss-grassblade.com/wordpress/gb_xapi_content/fmla	on attempting question
830	SetValue	cmi.interactions.2.type	true-false	9/9/2019, 6:48:15 PM	http://nss-grassblade.com/wordpress/gb_xapi_content/fmla	on attempting question
831	SetValue	cmi.interactions.2.student_response	f	9/9/2019, 6:48:17 PM	http://nss-grassblade.com/wordpress/gb_xapi_content/fmla	on attempting question
832	Statement	Statement	"{\\"actor\\":{\\"mbox\\":\\"mailto:deepak@nextsoftwaresolutions.com\\",\\"name\\":\\"nsstester\\",\\"objectType\\":\\"Agent\\"},\\"verb\\":{\\"id\\":\\"http://adlnet.gov/expapi/verbs/answered\\",\\"display\\":{\\"de-DE\\":\\"beantwortete\\",\\"en-US\\":\\"answered\\",\\"fr-FR\\":\\"a répondu\\",\\"es-ES\\":\\"contestó\\",\\"ar-AR\\":\\"أجاب\\"}},\\"object\\":{\\"objectType\\":\\"Activity\\",\\"id\\":\\"http://nss-grassblade.com/wordpress/gb_xapi_content/fmla/interactions/Scene2_Slide1_TrueFalse_0_1\\",\\"definition\\":{\\"type\\":\\"http://adlnet.gov/expapi/activities/cmi.interaction\\",\\"interactionType\\":\\"true-false\\",\\"correctResponsesPattern\\":[]}},\\"context\\":{\\"contextActivities\\":{\\"parent\\":[{\\"id\\":\\"http://nss-grassblade.com/wordpress/gb_xapi_content/fmla\\",\\"objectType\\":\\"Activity\\",\\"definition\\":{\\"type\\":\\"http://adlnet.gov/expapi/activities/lesson\\"}}],\\"grouping\\":[{\\"id\\":\\"http://nss-grassblade.com/wordpress/gb_xapi_content/fmla?attemptId=39143de1-9048-441d-e6e8-2dffc64456da\\",\\"objectType\\":\\"Activity\\",\\"definition\\":{\\"type\\":\\"http://adlnet.gov/expapi/activities/attempt\\"}},{\\"id\\":\\"\\",\\"objectType\\":\\"Activity\\",\\"definition\\":{\\"type\\":\\"http://adlnet.gov/expapi/activities/course\\"}},\\"\\"],\\"category\\":[{\\"id\\":\\"https://w3id.org/xapi/scorm\\"}]},\\"registration\\":\\"3df62ee6-8091-48ce-c271-e1b72a2f5a09\\"},\\"result\\":{\\"response\\":\\"f\\"},\\"id\\":\\"b146d619-62a4-417f-8d1d-2db3c196b0d3\\"}"	9/9/2019, 6:48:19 PM		on attempting question
833	Statement	Statement	"{\\"actor\\":{\\"mbox\\":\\"mailto:deepak@nextsoftwaresolutions.com\\",\\"name\\":\\"nsstester\\",\\"objectType\\":\\"Agent\\"},\\"verb\\":{\\"id\\":\\"http://adlnet.gov/expapi/verbs/answered\\",\\"display\\":{\\"de-DE\\":\\"beantwortete\\",\\"en-US\\":\\"answered\\",\\"fr-FR\\":\\"a répondu\\",\\"es-ES\\":\\"contestó\\",\\"ar-AR\\":\\"أجاب\\"}},\\"object\\":{\\"objectType\\":\\"Activity\\",\\"id\\":\\"http://nss-grassblade.com/wordpress/gb_xapi_content/fmla/interactions/Scene2_Slide1_TrueFalse_0_1\\",\\"definition\\":{\\"type\\":\\"http://adlnet.gov/expapi/activities/cmi.interaction\\",\\"interactionType\\":\\"\\",\\"correctResponsesPattern\\":[]}},\\"context\\":{\\"contextActivities\\":{\\"parent\\":[{\\"id\\":\\"http://nss-grassblade.com/wordpress/gb_xapi_content/fmla\\",\\"objectType\\":\\"Activity\\",\\"definition\\":{\\"type\\":\\"http://adlnet.gov/expapi/activities/lesson\\"}}],\\"grouping\\":[{\\"id\\":\\"http://nss-grassblade.com/wordpress/gb_xapi_content/fmla?attemptId=39143de1-9048-441d-e6e8-2dffc64456da\\",\\"objectType\\":\\"Activity\\",\\"definition\\":{\\"type\\":\\"http://adlnet.gov/expapi/activities/attempt\\"}},{\\"id\\":\\"\\",\\"objectType\\":\\"Activity\\",\\"definition\\":{\\"type\\":\\"http://adlnet.gov/expapi/activities/course\\"}},\\"\\"],\\"category\\":[{\\"id\\":\\"https://w3id.org/xapi/scorm\\"}]},\\"registration\\":\\"3df62ee6-8091-48ce-c271-e1b72a2f5a09\\"},\\"result\\":{\\"response\\":\\"f\\"},\\"id\\":\\"8a4ecdc6-bb4b-4b3f-b442-4bdfbdbcd3af\\"}"	9/9/2019, 6:48:22 PM		on attempting question
834	SetValue	cmi.interactions.2.correct_responses.0.pattern	f	9/9/2019, 6:48:24 PM	http://nss-grassblade.com/wordpress/gb_xapi_content/fmla	on attempting question
835	SetValue	cmi.interactions.2.result	correct	9/9/2019, 6:48:26 PM	http://nss-grassblade.com/wordpress/gb_xapi_content/fmla	on attempting question
836	SetValue	cmi.interactions.2.weighting	1	9/9/2019, 6:48:28 PM	http://nss-grassblade.com/wordpress/gb_xapi_content/fmla	on attempting question
837	SetValue	cmi.interactions.2.objectives.0.id	Results	9/9/2019, 6:48:30 PM	http://nss-grassblade.com/wordpress/gb_xapi_content/fmla	on attempting question
838	SetValue	cmi.interactions.2.time	18:48:13	9/9/2019, 6:48:32 PM	http://nss-grassblade.com/wordpress/gb_xapi_content/fmla	on attempting question
839	SetValue	cmi.interactions.3.id	Scene2_Slide1_TrueFalse_0_2	9/9/2019, 6:49:15 PM	http://nss-grassblade.com/wordpress/gb_xapi_content/fmla	on attempting question
840	SetValue	cmi.interactions.3.type	true-false	9/9/2019, 6:49:17 PM	http://nss-grassblade.com/wordpress/gb_xapi_content/fmla	on attempting question
841	SetValue	cmi.interactions.3.student_response	f	9/9/2019, 6:49:19 PM	http://nss-grassblade.com/wordpress/gb_xapi_content/fmla	on attempting question
842	Statement	Statement	"{\\"actor\\":{\\"mbox\\":\\"mailto:deepak@nextsoftwaresolutions.com\\",\\"name\\":\\"nsstester\\",\\"objectType\\":\\"Agent\\"},\\"verb\\":{\\"id\\":\\"http://adlnet.gov/expapi/verbs/answered\\",\\"display\\":{\\"de-DE\\":\\"beantwortete\\",\\"en-US\\":\\"answered\\",\\"fr-FR\\":\\"a répondu\\",\\"es-ES\\":\\"contestó\\",\\"ar-AR\\":\\"أجاب\\"}},\\"object\\":{\\"objectType\\":\\"Activity\\",\\"id\\":\\"http://nss-grassblade.com/wordpress/gb_xapi_content/fmla/interactions/Scene2_Slide1_TrueFalse_0_2\\",\\"definition\\":{\\"type\\":\\"http://adlnet.gov/expapi/activities/cmi.interaction\\",\\"interactionType\\":\\"true-false\\",\\"correctResponsesPattern\\":[]}},\\"context\\":{\\"contextActivities\\":{\\"parent\\":[{\\"id\\":\\"http://nss-grassblade.com/wordpress/gb_xapi_content/fmla\\",\\"objectType\\":\\"Activity\\",\\"definition\\":{\\"type\\":\\"http://adlnet.gov/expapi/activities/lesson\\"}}],\\"grouping\\":[{\\"id\\":\\"http://nss-grassblade.com/wordpress/gb_xapi_content/fmla?attemptId=39143de1-9048-441d-e6e8-2dffc64456da\\",\\"objectType\\":\\"Activity\\",\\"definition\\":{\\"type\\":\\"http://adlnet.gov/expapi/activities/attempt\\"}},{\\"id\\":\\"\\",\\"objectType\\":\\"Activity\\",\\"definition\\":{\\"type\\":\\"http://adlnet.gov/expapi/activities/course\\"}},\\"\\"],\\"category\\":[{\\"id\\":\\"https://w3id.org/xapi/scorm\\"}]},\\"registration\\":\\"3df62ee6-8091-48ce-c271-e1b72a2f5a09\\"},\\"result\\":{\\"response\\":\\"f\\"},\\"id\\":\\"3f7454cd-1663-4be1-91b4-505cf6d03960\\"}"	9/9/2019, 6:49:21 PM		on attempting question
843	Statement	Statement	"{\\"actor\\":{\\"mbox\\":\\"mailto:deepak@nextsoftwaresolutions.com\\",\\"name\\":\\"nsstester\\",\\"objectType\\":\\"Agent\\"},\\"verb\\":{\\"id\\":\\"http://adlnet.gov/expapi/verbs/answered\\",\\"display\\":{\\"de-DE\\":\\"beantwortete\\",\\"en-US\\":\\"answered\\",\\"fr-FR\\":\\"a répondu\\",\\"es-ES\\":\\"contestó\\",\\"ar-AR\\":\\"أجاب\\"}},\\"object\\":{\\"objectType\\":\\"Activity\\",\\"id\\":\\"http://nss-grassblade.com/wordpress/gb_xapi_content/fmla/interactions/Scene2_Slide1_TrueFalse_0_2\\",\\"definition\\":{\\"type\\":\\"http://adlnet.gov/expapi/activities/cmi.interaction\\",\\"interactionType\\":\\"\\",\\"correctResponsesPattern\\":[]}},\\"context\\":{\\"contextActivities\\":{\\"parent\\":[{\\"id\\":\\"http://nss-grassblade.com/wordpress/gb_xapi_content/fmla\\",\\"objectType\\":\\"Activity\\",\\"definition\\":{\\"type\\":\\"http://adlnet.gov/expapi/activities/lesson\\"}}],\\"grouping\\":[{\\"id\\":\\"http://nss-grassblade.com/wordpress/gb_xapi_content/fmla?attemptId=39143de1-9048-441d-e6e8-2dffc64456da\\",\\"objectType\\":\\"Activity\\",\\"definition\\":{\\"type\\":\\"http://adlnet.gov/expapi/activities/attempt\\"}},{\\"id\\":\\"\\",\\"objectType\\":\\"Activity\\",\\"definition\\":{\\"type\\":\\"http://adlnet.gov/expapi/activities/course\\"}},\\"\\"],\\"category\\":[{\\"id\\":\\"https://w3id.org/xapi/scorm\\"}]},\\"registration\\":\\"3df62ee6-8091-48ce-c271-e1b72a2f5a09\\"},\\"result\\":{\\"response\\":\\"f\\"},\\"id\\":\\"74779973-957e-444f-a955-edbcb0e0c4a8\\"}"	9/9/2019, 6:49:24 PM		on attempting question
844	SetValue	cmi.interactions.3.correct_responses.0.pattern	f	9/9/2019, 6:49:26 PM	http://nss-grassblade.com/wordpress/gb_xapi_content/fmla	on attempting question
845	SetValue	cmi.interactions.3.result	correct	9/9/2019, 6:49:28 PM	http://nss-grassblade.com/wordpress/gb_xapi_content/fmla	on attempting question
846	SetValue	cmi.interactions.3.weighting	1	9/9/2019, 6:49:30 PM	http://nss-grassblade.com/wordpress/gb_xapi_content/fmla	on attempting question
847	SetValue	cmi.interactions.3.objectives.0.id	Results	9/9/2019, 6:49:32 PM	http://nss-grassblade.com/wordpress/gb_xapi_content/fmla	on attempting question
848	SetValue	cmi.interactions.3.time	18:49:15	9/9/2019, 6:49:34 PM	http://nss-grassblade.com/wordpress/gb_xapi_content/fmla	on attempting question
849	SetValue	cmi.interactions.4.id	Scene2_Slide1_TrueFalse_0_3	9/9/2019, 6:50:09 PM	http://nss-grassblade.com/wordpress/gb_xapi_content/fmla	on attempting question
850	SetValue	cmi.interactions.4.type	true-false	9/9/2019, 6:50:11 PM	http://nss-grassblade.com/wordpress/gb_xapi_content/fmla	on attempting question
851	SetValue	cmi.interactions.4.student_response	f	9/9/2019, 6:50:13 PM	http://nss-grassblade.com/wordpress/gb_xapi_content/fmla	on attempting question
852	Statement	Statement	"{\\"actor\\":{\\"mbox\\":\\"mailto:deepak@nextsoftwaresolutions.com\\",\\"name\\":\\"nsstester\\",\\"objectType\\":\\"Agent\\"},\\"verb\\":{\\"id\\":\\"http://adlnet.gov/expapi/verbs/answered\\",\\"display\\":{\\"de-DE\\":\\"beantwortete\\",\\"en-US\\":\\"answered\\",\\"fr-FR\\":\\"a répondu\\",\\"es-ES\\":\\"contestó\\",\\"ar-AR\\":\\"أجاب\\"}},\\"object\\":{\\"objectType\\":\\"Activity\\",\\"id\\":\\"http://nss-grassblade.com/wordpress/gb_xapi_content/fmla/interactions/Scene2_Slide1_TrueFalse_0_3\\",\\"definition\\":{\\"type\\":\\"http://adlnet.gov/expapi/activities/cmi.interaction\\",\\"interactionType\\":\\"true-false\\",\\"correctResponsesPattern\\":[]}},\\"context\\":{\\"contextActivities\\":{\\"parent\\":[{\\"id\\":\\"http://nss-grassblade.com/wordpress/gb_xapi_content/fmla\\",\\"objectType\\":\\"Activity\\",\\"definition\\":{\\"type\\":\\"http://adlnet.gov/expapi/activities/lesson\\"}}],\\"grouping\\":[{\\"id\\":\\"http://nss-grassblade.com/wordpress/gb_xapi_content/fmla?attemptId=39143de1-9048-441d-e6e8-2dffc64456da\\",\\"objectType\\":\\"Activity\\",\\"definition\\":{\\"type\\":\\"http://adlnet.gov/expapi/activities/attempt\\"}},{\\"id\\":\\"\\",\\"objectType\\":\\"Activity\\",\\"definition\\":{\\"type\\":\\"http://adlnet.gov/expapi/activities/course\\"}},\\"\\"],\\"category\\":[{\\"id\\":\\"https://w3id.org/xapi/scorm\\"}]},\\"registration\\":\\"3df62ee6-8091-48ce-c271-e1b72a2f5a09\\"},\\"result\\":{\\"response\\":\\"f\\"},\\"id\\":\\"86095d60-8d0f-426f-8223-eecc5260ccf8\\"}"	9/9/2019, 6:50:15 PM		on attempting question
853	SetValue	cmi.interactions.4.correct_responses.0.pattern	f	9/9/2019, 6:50:18 PM	http://nss-grassblade.com/wordpress/gb_xapi_content/fmla	on attempting question
854	SetValue	cmi.interactions.4.result	correct	9/9/2019, 6:50:20 PM	http://nss-grassblade.com/wordpress/gb_xapi_content/fmla	on attempting question
855	SetValue	cmi.interactions.4.weighting	1	9/9/2019, 6:50:22 PM	http://nss-grassblade.com/wordpress/gb_xapi_content/fmla	on attempting question
856	SetValue	cmi.interactions.4.objectives.0.id	Results	9/9/2019, 6:50:24 PM	http://nss-grassblade.com/wordpress/gb_xapi_content/fmla	on attempting question
857	SetValue	cmi.interactions.4.time	18:50:09	9/9/2019, 6:50:26 PM	http://nss-grassblade.com/wordpress/gb_xapi_content/fmla	on attempting question
858	SetValue	cmi.interactions.5.id	Scene2_Slide1_TrueFalse_0_4	9/9/2019, 6:50:55 PM	http://nss-grassblade.com/wordpress/gb_xapi_content/fmla	on attempting question
859	SetValue	cmi.interactions.5.type	true-false	9/9/2019, 6:50:57 PM	http://nss-grassblade.com/wordpress/gb_xapi_content/fmla	on attempting question
860	SetValue	cmi.interactions.5.student_response	f	9/9/2019, 6:50:59 PM	http://nss-grassblade.com/wordpress/gb_xapi_content/fmla	on attempting question
861	Statement	Statement	"{\\"actor\\":{\\"mbox\\":\\"mailto:deepak@nextsoftwaresolutions.com\\",\\"name\\":\\"nsstester\\",\\"objectType\\":\\"Agent\\"},\\"verb\\":{\\"id\\":\\"http://adlnet.gov/expapi/verbs/answered\\",\\"display\\":{\\"de-DE\\":\\"beantwortete\\",\\"en-US\\":\\"answered\\",\\"fr-FR\\":\\"a répondu\\",\\"es-ES\\":\\"contestó\\",\\"ar-AR\\":\\"أجاب\\"}},\\"object\\":{\\"objectType\\":\\"Activity\\",\\"id\\":\\"http://nss-grassblade.com/wordpress/gb_xapi_content/fmla/interactions/Scene2_Slide1_TrueFalse_0_4\\",\\"definition\\":{\\"type\\":\\"http://adlnet.gov/expapi/activities/cmi.interaction\\",\\"interactionType\\":\\"true-false\\",\\"correctResponsesPattern\\":[]}},\\"context\\":{\\"contextActivities\\":{\\"parent\\":[{\\"id\\":\\"http://nss-grassblade.com/wordpress/gb_xapi_content/fmla\\",\\"objectType\\":\\"Activity\\",\\"definition\\":{\\"type\\":\\"http://adlnet.gov/expapi/activities/lesson\\"}}],\\"grouping\\":[{\\"id\\":\\"http://nss-grassblade.com/wordpress/gb_xapi_content/fmla?attemptId=39143de1-9048-441d-e6e8-2dffc64456da\\",\\"objectType\\":\\"Activity\\",\\"definition\\":{\\"type\\":\\"http://adlnet.gov/expapi/activities/attempt\\"}},{\\"id\\":\\"\\",\\"objectType\\":\\"Activity\\",\\"definition\\":{\\"type\\":\\"http://adlnet.gov/expapi/activities/course\\"}},\\"\\"],\\"category\\":[{\\"id\\":\\"https://w3id.org/xapi/scorm\\"}]},\\"registration\\":\\"3df62ee6-8091-48ce-c271-e1b72a2f5a09\\"},\\"result\\":{\\"response\\":\\"f\\"},\\"id\\":\\"0af0c7ee-9e71-47c9-823f-aa46ccd47188\\"}"	9/9/2019, 6:51:01 PM		on attempting question
862	SetValue	cmi.interactions.5.correct_responses.0.pattern	f	9/9/2019, 6:51:04 PM	http://nss-grassblade.com/wordpress/gb_xapi_content/fmla	on attempting question
863	SetValue	cmi.interactions.5.result	correct	9/9/2019, 6:51:06 PM	http://nss-grassblade.com/wordpress/gb_xapi_content/fmla	on attempting question
864	SetValue	cmi.interactions.5.weighting	1	9/9/2019, 6:51:08 PM	http://nss-grassblade.com/wordpress/gb_xapi_content/fmla	on attempting question
865	SetValue	cmi.interactions.5.objectives.0.id	Results	9/9/2019, 6:51:10 PM	http://nss-grassblade.com/wordpress/gb_xapi_content/fmla	on attempting question
866	SetValue	cmi.interactions.5.time	18:50:55	9/9/2019, 6:51:12 PM	http://nss-grassblade.com/wordpress/gb_xapi_content/fmla	on attempting question
867	SetValue	cmi.interactions.6.id	Scene2_Slide1_TrueFalse_0_5	9/9/2019, 6:51:36 PM	http://nss-grassblade.com/wordpress/gb_xapi_content/fmla	on attempting question
868	SetValue	cmi.interactions.6.type	true-false	9/9/2019, 6:51:38 PM	http://nss-grassblade.com/wordpress/gb_xapi_content/fmla	on attempting question
869	SetValue	cmi.interactions.6.student_response	f	9/9/2019, 6:51:40 PM	http://nss-grassblade.com/wordpress/gb_xapi_content/fmla	on attempting question
870	Statement	Statement	"{\\"actor\\":{\\"mbox\\":\\"mailto:deepak@nextsoftwaresolutions.com\\",\\"name\\":\\"nsstester\\",\\"objectType\\":\\"Agent\\"},\\"verb\\":{\\"id\\":\\"http://adlnet.gov/expapi/verbs/answered\\",\\"display\\":{\\"de-DE\\":\\"beantwortete\\",\\"en-US\\":\\"answered\\",\\"fr-FR\\":\\"a répondu\\",\\"es-ES\\":\\"contestó\\",\\"ar-AR\\":\\"أجاب\\"}},\\"object\\":{\\"objectType\\":\\"Activity\\",\\"id\\":\\"http://nss-grassblade.com/wordpress/gb_xapi_content/fmla/interactions/Scene2_Slide1_TrueFalse_0_5\\",\\"definition\\":{\\"type\\":\\"http://adlnet.gov/expapi/activities/cmi.interaction\\",\\"interactionType\\":\\"true-false\\",\\"correctResponsesPattern\\":[]}},\\"context\\":{\\"contextActivities\\":{\\"parent\\":[{\\"id\\":\\"http://nss-grassblade.com/wordpress/gb_xapi_content/fmla\\",\\"objectType\\":\\"Activity\\",\\"definition\\":{\\"type\\":\\"http://adlnet.gov/expapi/activities/lesson\\"}}],\\"grouping\\":[{\\"id\\":\\"http://nss-grassblade.com/wordpress/gb_xapi_content/fmla?attemptId=39143de1-9048-441d-e6e8-2dffc64456da\\",\\"objectType\\":\\"Activity\\",\\"definition\\":{\\"type\\":\\"http://adlnet.gov/expapi/activities/attempt\\"}},{\\"id\\":\\"\\",\\"objectType\\":\\"Activity\\",\\"definition\\":{\\"type\\":\\"http://adlnet.gov/expapi/activities/course\\"}},\\"\\"],\\"category\\":[{\\"id\\":\\"https://w3id.org/xapi/scorm\\"}]},\\"registration\\":\\"3df62ee6-8091-48ce-c271-e1b72a2f5a09\\"},\\"result\\":{\\"response\\":\\"f\\"},\\"id\\":\\"0f2fe53c-dac4-45ad-b300-f9f1806465de\\"}"	9/9/2019, 6:51:42 PM		on attempting question
871	SetValue	cmi.interactions.6.correct_responses.0.pattern	f	9/9/2019, 6:51:44 PM	http://nss-grassblade.com/wordpress/gb_xapi_content/fmla	on attempting question
872	SetValue	cmi.interactions.6.result	correct	9/9/2019, 6:51:46 PM	http://nss-grassblade.com/wordpress/gb_xapi_content/fmla	on attempting question
873	SetValue	cmi.interactions.6.weighting	1	9/9/2019, 6:51:49 PM	http://nss-grassblade.com/wordpress/gb_xapi_content/fmla	on attempting question
874	SetValue	cmi.interactions.6.objectives.0.id	Results	9/9/2019, 6:51:51 PM	http://nss-grassblade.com/wordpress/gb_xapi_content/fmla	on attempting question
875	SetValue	cmi.interactions.6.time	18:51:36	9/9/2019, 6:51:53 PM	http://nss-grassblade.com/wordpress/gb_xapi_content/fmla	on attempting question
876	SetValue	cmi.interactions.7.id	Scene2_Slide1_TrueFalse_0_6	9/9/2019, 6:52:17 PM	http://nss-grassblade.com/wordpress/gb_xapi_content/fmla	on attempting question
877	SetValue	cmi.interactions.7.type	true-false	9/9/2019, 6:52:19 PM	http://nss-grassblade.com/wordpress/gb_xapi_content/fmla	on attempting question
878	SetValue	cmi.interactions.7.student_response	f	9/9/2019, 6:52:21 PM	http://nss-grassblade.com/wordpress/gb_xapi_content/fmla	on attempting question
879	Statement	Statement	"{\\"actor\\":{\\"mbox\\":\\"mailto:deepak@nextsoftwaresolutions.com\\",\\"name\\":\\"nsstester\\",\\"objectType\\":\\"Agent\\"},\\"verb\\":{\\"id\\":\\"http://adlnet.gov/expapi/verbs/answered\\",\\"display\\":{\\"de-DE\\":\\"beantwortete\\",\\"en-US\\":\\"answered\\",\\"fr-FR\\":\\"a répondu\\",\\"es-ES\\":\\"contestó\\",\\"ar-AR\\":\\"أجاب\\"}},\\"object\\":{\\"objectType\\":\\"Activity\\",\\"id\\":\\"http://nss-grassblade.com/wordpress/gb_xapi_content/fmla/interactions/Scene2_Slide1_TrueFalse_0_6\\",\\"definition\\":{\\"type\\":\\"http://adlnet.gov/expapi/activities/cmi.interaction\\",\\"interactionType\\":\\"true-false\\",\\"correctResponsesPattern\\":[]}},\\"context\\":{\\"contextActivities\\":{\\"parent\\":[{\\"id\\":\\"http://nss-grassblade.com/wordpress/gb_xapi_content/fmla\\",\\"objectType\\":\\"Activity\\",\\"definition\\":{\\"type\\":\\"http://adlnet.gov/expapi/activities/lesson\\"}}],\\"grouping\\":[{\\"id\\":\\"http://nss-grassblade.com/wordpress/gb_xapi_content/fmla?attemptId=39143de1-9048-441d-e6e8-2dffc64456da\\",\\"objectType\\":\\"Activity\\",\\"definition\\":{\\"type\\":\\"http://adlnet.gov/expapi/activities/attempt\\"}},{\\"id\\":\\"\\",\\"objectType\\":\\"Activity\\",\\"definition\\":{\\"type\\":\\"http://adlnet.gov/expapi/activities/course\\"}},\\"\\"],\\"category\\":[{\\"id\\":\\"https://w3id.org/xapi/scorm\\"}]},\\"registration\\":\\"3df62ee6-8091-48ce-c271-e1b72a2f5a09\\"},\\"result\\":{\\"response\\":\\"f\\"},\\"id\\":\\"b913ddf5-9297-4e6e-a2f8-754a28824c4f\\"}"	9/9/2019, 6:52:23 PM		on attempting question
880	SetValue	cmi.interactions.7.correct_responses.0.pattern	f	9/9/2019, 6:52:26 PM	http://nss-grassblade.com/wordpress/gb_xapi_content/fmla	on attempting question
881	SetValue	cmi.interactions.7.result	correct	9/9/2019, 6:52:28 PM	http://nss-grassblade.com/wordpress/gb_xapi_content/fmla	on attempting question
882	SetValue	cmi.interactions.7.weighting	1	9/9/2019, 6:52:30 PM	http://nss-grassblade.com/wordpress/gb_xapi_content/fmla	on attempting question
883	SetValue	cmi.interactions.7.objectives.0.id	Results	9/9/2019, 6:52:32 PM	http://nss-grassblade.com/wordpress/gb_xapi_content/fmla	on attempting question
884	SetValue	cmi.interactions.7.time	18:52:17	9/9/2019, 6:52:34 PM	http://nss-grassblade.com/wordpress/gb_xapi_content/fmla	on attempting question
885	SetValue	cmi.interactions.8.id	Scene2_Slide1_TrueFalse_0_7	9/9/2019, 6:53:05 PM	http://nss-grassblade.com/wordpress/gb_xapi_content/fmla	on attempting question
886	SetValue	cmi.interactions.8.type	true-false	9/9/2019, 6:53:07 PM	http://nss-grassblade.com/wordpress/gb_xapi_content/fmla	on attempting question
887	SetValue	cmi.interactions.8.student_response	f	9/9/2019, 6:53:09 PM	http://nss-grassblade.com/wordpress/gb_xapi_content/fmla	on attempting question
888	Statement	Statement	"{\\"actor\\":{\\"mbox\\":\\"mailto:deepak@nextsoftwaresolutions.com\\",\\"name\\":\\"nsstester\\",\\"objectType\\":\\"Agent\\"},\\"verb\\":{\\"id\\":\\"http://adlnet.gov/expapi/verbs/answered\\",\\"display\\":{\\"de-DE\\":\\"beantwortete\\",\\"en-US\\":\\"answered\\",\\"fr-FR\\":\\"a répondu\\",\\"es-ES\\":\\"contestó\\",\\"ar-AR\\":\\"أجاب\\"}},\\"object\\":{\\"objectType\\":\\"Activity\\",\\"id\\":\\"http://nss-grassblade.com/wordpress/gb_xapi_content/fmla/interactions/Scene2_Slide1_TrueFalse_0_7\\",\\"definition\\":{\\"type\\":\\"http://adlnet.gov/expapi/activities/cmi.interaction\\",\\"interactionType\\":\\"true-false\\",\\"correctResponsesPattern\\":[]}},\\"context\\":{\\"contextActivities\\":{\\"parent\\":[{\\"id\\":\\"http://nss-grassblade.com/wordpress/gb_xapi_content/fmla\\",\\"objectType\\":\\"Activity\\",\\"definition\\":{\\"type\\":\\"http://adlnet.gov/expapi/activities/lesson\\"}}],\\"grouping\\":[{\\"id\\":\\"http://nss-grassblade.com/wordpress/gb_xapi_content/fmla?attemptId=39143de1-9048-441d-e6e8-2dffc64456da\\",\\"objectType\\":\\"Activity\\",\\"definition\\":{\\"type\\":\\"http://adlnet.gov/expapi/activities/attempt\\"}},{\\"id\\":\\"\\",\\"objectType\\":\\"Activity\\",\\"definition\\":{\\"type\\":\\"http://adlnet.gov/expapi/activities/course\\"}},\\"\\"],\\"category\\":[{\\"id\\":\\"https://w3id.org/xapi/scorm\\"}]},\\"registration\\":\\"3df62ee6-8091-48ce-c271-e1b72a2f5a09\\"},\\"result\\":{\\"response\\":\\"f\\"},\\"id\\":\\"0163dd0b-cde5-489e-9dd5-7314979f56c2\\"}"	9/9/2019, 6:53:11 PM		on attempting question
889	SetValue	cmi.interactions.8.correct_responses.0.pattern	f	9/9/2019, 6:53:14 PM	http://nss-grassblade.com/wordpress/gb_xapi_content/fmla	on attempting question
890	SetValue	cmi.interactions.8.result	correct	9/9/2019, 6:53:16 PM	http://nss-grassblade.com/wordpress/gb_xapi_content/fmla	on attempting question
891	SetValue	cmi.interactions.8.weighting	1	9/9/2019, 6:53:18 PM	http://nss-grassblade.com/wordpress/gb_xapi_content/fmla	on attempting question
892	SetValue	cmi.interactions.8.objectives.0.id	Results	9/9/2019, 6:53:20 PM	http://nss-grassblade.com/wordpress/gb_xapi_content/fmla	on attempting question
893	SetValue	cmi.interactions.8.time	18:53:05	9/9/2019, 6:53:22 PM	http://nss-grassblade.com/wordpress/gb_xapi_content/fmla	on attempting question
894	GetValue	cmi.core.lesson_status	incomplete	9/9/2019, 6:54:05 PM	http://nss-grassblade.com/wordpress/gb_xapi_content/fmla	on reloading
895	GetValue	cmi.core.lesson_status	incomplete	9/9/2019, 6:54:07 PM	http://nss-grassblade.com/wordpress/gb_xapi_content/fmla	on reloading
896	GetValue	cmi.core.score.raw		9/9/2019, 6:54:09 PM	http://nss-grassblade.com/wordpress/gb_xapi_content/fmla	on reloading
897	GetValue	cmi.core.score.raw		9/9/2019, 6:54:11 PM	http://nss-grassblade.com/wordpress/gb_xapi_content/fmla	on reloading
898	GetValue	cmi.core.score.min		9/9/2019, 6:54:13 PM	http://nss-grassblade.com/wordpress/gb_xapi_content/fmla	on reloading
899	GetValue	cmi.core.score.max		9/9/2019, 6:54:15 PM	http://nss-grassblade.com/wordpress/gb_xapi_content/fmla	on reloading
900	Statement	Statement	"{\\"actor\\":{\\"mbox\\":\\"mailto:deepak@nextsoftwaresolutions.com\\",\\"name\\":\\"nsstester\\",\\"objectType\\":\\"Agent\\"},\\"verb\\":{\\"id\\":\\"http://adlnet.gov/expapi/verbs/suspended\\",\\"display\\":{\\"de-DE\\":\\"pausierte\\",\\"en-US\\":\\"suspended\\",\\"fr-FR\\":\\"a suspendu\\",\\"es-ES\\":\\"aplazó\\",\\"ar-AR\\":\\"علق\\"}},\\"object\\":{\\"id\\":\\"http://nss-grassblade.com/wordpress/gb_xapi_content/fmla\\",\\"definition\\":{\\"type\\":\\"http://adlnet.gov/expapi/activities/lesson\\"}},\\"context\\":{\\"contextActivities\\":{\\"grouping\\":[{\\"id\\":\\"http://nss-grassblade.com/wordpress/gb_xapi_content/fmla?attemptId=39143de1-9048-441d-e6e8-2dffc64456da\\",\\"objectType\\":\\"Activity\\",\\"definition\\":{\\"type\\":\\"http://adlnet.gov/expapi/activities/attempt\\"}},{\\"id\\":\\"\\",\\"objectType\\":\\"Activity\\",\\"definition\\":{\\"type\\":\\"http://adlnet.gov/expapi/activities/course\\"}},\\"\\"],\\"category\\":[{\\"id\\":\\"https://w3id.org/xapi/scorm\\"}]},\\"registration\\":\\"3df62ee6-8091-48ce-c271-e1b72a2f5a09\\"},\\"result\\":{\\"completion\\":false},\\"id\\":\\"f7cfedc4-3270-4e61-89bc-cb84d87904ce\\"}"	9/9/2019, 6:54:17 PM		on reloading
901	GetValue	cmi.launch_data		9/9/2019, 6:54:22 PM	http://nss-grassblade.com/wordpress/gb_xapi_content/fmla	on reloading
902	GetValue	cmi.core.entry	resume	9/9/2019, 6:54:24 PM	http://nss-grassblade.com/wordpress/gb_xapi_content/fmla	on reloading
903	GetValue	cmi.core.lesson_location		9/9/2019, 6:54:27 PM	http://nss-grassblade.com/wordpress/gb_xapi_content/fmla	on reloading
904	GetValue	cmi.student_preference.language		9/9/2019, 6:54:29 PM	http://nss-grassblade.com/wordpress/gb_xapi_content/fmla	on reloading
905	GetValue	cmi.student_preference.audio		9/9/2019, 6:54:31 PM	http://nss-grassblade.com/wordpress/gb_xapi_content/fmla	on reloading
906	GetValue	cmi.student_preference.speed		9/9/2019, 6:54:33 PM	http://nss-grassblade.com/wordpress/gb_xapi_content/fmla	on reloading
907	GetValue	cmi.student_preference.text		9/9/2019, 6:54:35 PM	http://nss-grassblade.com/wordpress/gb_xapi_content/fmla	on reloading
908	GetValue	cmi.core.credit	credit	9/9/2019, 6:54:37 PM	http://nss-grassblade.com/wordpress/gb_xapi_content/fmla	on reloading
909	GetValue	cmi.core.lesson_mode		9/9/2019, 6:54:39 PM	http://nss-grassblade.com/wordpress/gb_xapi_content/fmla	on reloading
910	GetValue	cmi.suspend_data	1t46050ji1001012a01011010120000	9/9/2019, 6:54:41 PM	http://nss-grassblade.com/wordpress/gb_xapi_content/fmla	on reloading
911	GetValue	cmi.core.total_time	0000:00:00	9/9/2019, 6:54:43 PM	http://nss-grassblade.com/wordpress/gb_xapi_content/fmla	on reloading
912	GetValue	cmi.core.student_id	007	9/9/2019, 6:54:46 PM	http://nss-grassblade.com/wordpress/gb_xapi_content/fmla	on reloading
913	Statement	Statement	"{\\"actor\\":{\\"mbox\\":\\"mailto:deepak@nextsoftwaresolutions.com\\",\\"name\\":\\"nsstester\\",\\"objectType\\":\\"Agent\\"},\\"verb\\":{\\"id\\":\\"http://adlnet.gov/expapi/verbs/attempted\\",\\"display\\":{\\"de-DE\\":\\"versuchte\\",\\"en-US\\":\\"attempted\\",\\"fr-FR\\":\\"a essayé\\",\\"es-ES\\":\\"intentó\\",\\"ar-AR\\":\\"حاول\\"}},\\"object\\":{\\"id\\":\\"http://nss-grassblade.com/wordpress/gb_xapi_content/fmla\\",\\"definition\\":{\\"type\\":\\"http://adlnet.gov/expapi/activities/lesson\\"}},\\"context\\":{\\"contextActivities\\":{\\"grouping\\":[{\\"id\\":\\"http://nss-grassblade.com/wordpress/gb_xapi_content/fmla?attemptId=39143de1-9048-441d-e6e8-2dffc64456da\\",\\"objectType\\":\\"Activity\\",\\"definition\\":{\\"type\\":\\"http://adlnet.gov/expapi/activities/attempt\\"}},{\\"id\\":\\"\\",\\"objectType\\":\\"Activity\\",\\"definition\\":{\\"type\\":\\"http://adlnet.gov/expapi/activities/course\\"}},\\"\\"],\\"category\\":[{\\"id\\":\\"https://w3id.org/xapi/scorm\\"}]},\\"registration\\":\\"3df62ee6-8091-48ce-c271-e1b72a2f5a09\\"},\\"id\\":\\"4cc25eea-abb8-4b30-beea-40ed02001533\\"}"	9/9/2019, 6:54:48 PM		on reloading
914	GetValue	cmi.core.lesson_mode		9/9/2019, 6:54:53 PM	http://nss-grassblade.com/wordpress/gb_xapi_content/fmla	on reloading
915	GetValue	cmi.core.lesson_mode		9/9/2019, 6:54:55 PM	http://nss-grassblade.com/wordpress/gb_xapi_content/fmla	on reloading
916	GetValue	cmi.core.lesson_status	incomplete	9/9/2019, 6:54:57 PM	http://nss-grassblade.com/wordpress/gb_xapi_content/fmla	on reloading
917	SetValue	cmi.core.exit	suspend	9/9/2019, 6:54:59 PM	http://nss-grassblade.com/wordpress/gb_xapi_content/fmla	on reloading
918	SetValue	cmi.core.session_time	0000:00:00.2	9/9/2019, 6:55:01 PM	http://nss-grassblade.com/wordpress/gb_xapi_content/fmla	on reloading
919	GetValue	cmi.suspend_data	1t46050ji1001012a01011010120000	9/9/2019, 6:55:05 PM	http://nss-grassblade.com/wordpress/gb_xapi_content/fmla	on reloading
920	GetValue	cmi.core.lesson_status	incomplete	9/9/2019, 6:55:07 PM	http://nss-grassblade.com/wordpress/gb_xapi_content/fmla	on reloading
921	SetValue	cmi.core.score.raw	0	9/9/2019, 6:55:36 PM	http://nss-grassblade.com/wordpress/gb_xapi_content/fmla	on resuming
922	Statement	Statement	"{\\"actor\\":{\\"mbox\\":\\"mailto:deepak@nextsoftwaresolutions.com\\",\\"name\\":\\"nsstester\\",\\"objectType\\":\\"Agent\\"},\\"verb\\":{\\"id\\":\\"http://adlnet.gov/expapi/verbs/scored\\",\\"display\\":{\\"de-DE\\":\\"erreichte\\",\\"en-US\\":\\"scored\\",\\"fr-FR\\":\\"a marqué\\",\\"es-ES\\":\\"anotó\\",\\"ar-AR\\":\\"سحل النقاط\\"}},\\"object\\":{\\"id\\":\\"http://nss-grassblade.com/wordpress/gb_xapi_content/fmla\\",\\"definition\\":{\\"type\\":\\"http://adlnet.gov/expapi/activities/lesson\\"}},\\"context\\":{\\"contextActivities\\":{\\"grouping\\":[{\\"id\\":\\"http://nss-grassblade.com/wordpress/gb_xapi_content/fmla?attemptId=39143de1-9048-441d-e6e8-2dffc64456da\\",\\"objectType\\":\\"Activity\\",\\"definition\\":{\\"type\\":\\"http://adlnet.gov/expapi/activities/attempt\\"}},{\\"id\\":\\"\\",\\"objectType\\":\\"Activity\\",\\"definition\\":{\\"type\\":\\"http://adlnet.gov/expapi/activities/course\\"}},\\"\\"],\\"category\\":[{\\"id\\":\\"https://w3id.org/xapi/scorm\\"}]},\\"registration\\":\\"3df62ee6-8091-48ce-c271-e1b72a2f5a09\\"},\\"result\\":{\\"score\\":{\\"scaled\\":0}},\\"id\\":\\"402bf7e1-1078-4365-b508-ad7e83cbef63\\"}"	9/9/2019, 6:55:38 PM		on resuming
923	SetValue	cmi.core.score.max	100	9/9/2019, 6:55:40 PM	http://nss-grassblade.com/wordpress/gb_xapi_content/fmla	on resuming
924	SetValue	cmi.core.score.min	0	9/9/2019, 6:55:42 PM	http://nss-grassblade.com/wordpress/gb_xapi_content/fmla	on resuming
925	SetValue	cmi.suspend_data	1j4605098100101200000	9/9/2019, 6:55:45 PM	http://nss-grassblade.com/wordpress/gb_xapi_content/fmla	on resuming
926	SetValue	cmi.suspend_data	1H46050xi1001012a0101101012d14011105011100000	9/9/2019, 6:56:26 PM	http://nss-grassblade.com/wordpress/gb_xapi_content/fmla	on resuming
927	SetValue	cmi.suspend_data	1t46050ji1001012a01011010120000	9/9/2019, 6:56:29 PM	http://nss-grassblade.com/wordpress/gb_xapi_content/fmla	on resuming
928	SetValue	cmi.interactions.1.id	Scene2_Slide1_TrueFalse_0_0	9/9/2019, 6:56:57 PM	http://nss-grassblade.com/wordpress/gb_xapi_content/fmla	on attempting question
929	SetValue	cmi.interactions.1.type	true-false	9/9/2019, 6:56:59 PM	http://nss-grassblade.com/wordpress/gb_xapi_content/fmla	on attempting question
930	SetValue	cmi.interactions.1.student_response	f	9/9/2019, 6:57:01 PM	http://nss-grassblade.com/wordpress/gb_xapi_content/fmla	on attempting question
931	Statement	Statement	"{\\"actor\\":{\\"mbox\\":\\"mailto:deepak@nextsoftwaresolutions.com\\",\\"name\\":\\"nsstester\\",\\"objectType\\":\\"Agent\\"},\\"verb\\":{\\"id\\":\\"http://adlnet.gov/expapi/verbs/answered\\",\\"display\\":{\\"de-DE\\":\\"beantwortete\\",\\"en-US\\":\\"answered\\",\\"fr-FR\\":\\"a répondu\\",\\"es-ES\\":\\"contestó\\",\\"ar-AR\\":\\"أجاب\\"}},\\"object\\":{\\"objectType\\":\\"Activity\\",\\"id\\":\\"http://nss-grassblade.com/wordpress/gb_xapi_content/fmla/interactions/Scene2_Slide1_TrueFalse_0_0\\",\\"definition\\":{\\"type\\":\\"http://adlnet.gov/expapi/activities/cmi.interaction\\",\\"interactionType\\":\\"true-false\\",\\"correctResponsesPattern\\":[]}},\\"context\\":{\\"contextActivities\\":{\\"parent\\":[{\\"id\\":\\"http://nss-grassblade.com/wordpress/gb_xapi_content/fmla\\",\\"objectType\\":\\"Activity\\",\\"definition\\":{\\"type\\":\\"http://adlnet.gov/expapi/activities/lesson\\"}}],\\"grouping\\":[{\\"id\\":\\"http://nss-grassblade.com/wordpress/gb_xapi_content/fmla?attemptId=39143de1-9048-441d-e6e8-2dffc64456da\\",\\"objectType\\":\\"Activity\\",\\"definition\\":{\\"type\\":\\"http://adlnet.gov/expapi/activities/attempt\\"}},{\\"id\\":\\"\\",\\"objectType\\":\\"Activity\\",\\"definition\\":{\\"type\\":\\"http://adlnet.gov/expapi/activities/course\\"}},\\"\\"],\\"category\\":[{\\"id\\":\\"https://w3id.org/xapi/scorm\\"}]},\\"registration\\":\\"3df62ee6-8091-48ce-c271-e1b72a2f5a09\\"},\\"result\\":{\\"response\\":\\"f\\"},\\"id\\":\\"8d0ca449-7df1-4f9b-a87b-ae304245ef10\\"}"	9/9/2019, 6:57:03 PM		on attempting question
932	Statement	Statement	"{\\"actor\\":{\\"mbox\\":\\"mailto:deepak@nextsoftwaresolutions.com\\",\\"name\\":\\"nsstester\\",\\"objectType\\":\\"Agent\\"},\\"verb\\":{\\"id\\":\\"http://adlnet.gov/expapi/verbs/answered\\",\\"display\\":{\\"de-DE\\":\\"beantwortete\\",\\"en-US\\":\\"answered\\",\\"fr-FR\\":\\"a répondu\\",\\"es-ES\\":\\"contestó\\",\\"ar-AR\\":\\"أجاب\\"}},\\"object\\":{\\"objectType\\":\\"Activity\\",\\"id\\":\\"http://nss-grassblade.com/wordpress/gb_xapi_content/fmla/interactions/Scene2_Slide1_TrueFalse_0_0\\",\\"definition\\":{\\"type\\":\\"http://adlnet.gov/expapi/activities/cmi.interaction\\",\\"interactionType\\":\\"\\",\\"correctResponsesPattern\\":[]}},\\"context\\":{\\"contextActivities\\":{\\"parent\\":[{\\"id\\":\\"http://nss-grassblade.com/wordpress/gb_xapi_content/fmla\\",\\"objectType\\":\\"Activity\\",\\"definition\\":{\\"type\\":\\"http://adlnet.gov/expapi/activities/lesson\\"}}],\\"grouping\\":[{\\"id\\":\\"http://nss-grassblade.com/wordpress/gb_xapi_content/fmla?attemptId=39143de1-9048-441d-e6e8-2dffc64456da\\",\\"objectType\\":\\"Activity\\",\\"definition\\":{\\"type\\":\\"http://adlnet.gov/expapi/activities/attempt\\"}},{\\"id\\":\\"\\",\\"objectType\\":\\"Activity\\",\\"definition\\":{\\"type\\":\\"http://adlnet.gov/expapi/activities/course\\"}},\\"\\"],\\"category\\":[{\\"id\\":\\"https://w3id.org/xapi/scorm\\"}]},\\"registration\\":\\"3df62ee6-8091-48ce-c271-e1b72a2f5a09\\"},\\"result\\":{\\"response\\":\\"f\\"},\\"id\\":\\"b34b7bc4-fb50-4859-b316-bb547c473853\\"}"	9/9/2019, 6:57:05 PM		on attempting question
933	SetValue	cmi.interactions.1.correct_responses.0.pattern	f	9/9/2019, 6:57:08 PM	http://nss-grassblade.com/wordpress/gb_xapi_content/fmla	on attempting question
934	SetValue	cmi.interactions.1.result	wrong	9/9/2019, 6:57:10 PM	http://nss-grassblade.com/wordpress/gb_xapi_content/fmla	on attempting question
935	SetValue	cmi.interactions.1.weighting	1	9/9/2019, 6:57:12 PM	http://nss-grassblade.com/wordpress/gb_xapi_content/fmla	on attempting question
936	SetValue	cmi.interactions.1.objectives.0.id	Results	9/9/2019, 6:57:14 PM	http://nss-grassblade.com/wordpress/gb_xapi_content/fmla	on attempting question
937	SetValue	cmi.interactions.1.time	18:56:57	9/9/2019, 6:57:16 PM	http://nss-grassblade.com/wordpress/gb_xapi_content/fmla	on attempting question
938	SetValue	cmi.interactions.2.id	Scene2_Slide1_TrueFalse_0_1	9/9/2019, 6:58:17 PM	http://nss-grassblade.com/wordpress/gb_xapi_content/fmla	on attempting question
939	SetValue	cmi.interactions.2.type	true-false	9/9/2019, 6:58:19 PM	http://nss-grassblade.com/wordpress/gb_xapi_content/fmla	on attempting question
940	SetValue	cmi.interactions.2.student_response	f	9/9/2019, 6:58:21 PM	http://nss-grassblade.com/wordpress/gb_xapi_content/fmla	on attempting question
941	Statement	Statement	"{\\"actor\\":{\\"mbox\\":\\"mailto:deepak@nextsoftwaresolutions.com\\",\\"name\\":\\"nsstester\\",\\"objectType\\":\\"Agent\\"},\\"verb\\":{\\"id\\":\\"http://adlnet.gov/expapi/verbs/answered\\",\\"display\\":{\\"de-DE\\":\\"beantwortete\\",\\"en-US\\":\\"answered\\",\\"fr-FR\\":\\"a répondu\\",\\"es-ES\\":\\"contestó\\",\\"ar-AR\\":\\"أجاب\\"}},\\"object\\":{\\"objectType\\":\\"Activity\\",\\"id\\":\\"http://nss-grassblade.com/wordpress/gb_xapi_content/fmla/interactions/Scene2_Slide1_TrueFalse_0_1\\",\\"definition\\":{\\"type\\":\\"http://adlnet.gov/expapi/activities/cmi.interaction\\",\\"interactionType\\":\\"true-false\\",\\"correctResponsesPattern\\":[]}},\\"context\\":{\\"contextActivities\\":{\\"parent\\":[{\\"id\\":\\"http://nss-grassblade.com/wordpress/gb_xapi_content/fmla\\",\\"objectType\\":\\"Activity\\",\\"definition\\":{\\"type\\":\\"http://adlnet.gov/expapi/activities/lesson\\"}}],\\"grouping\\":[{\\"id\\":\\"http://nss-grassblade.com/wordpress/gb_xapi_content/fmla?attemptId=39143de1-9048-441d-e6e8-2dffc64456da\\",\\"objectType\\":\\"Activity\\",\\"definition\\":{\\"type\\":\\"http://adlnet.gov/expapi/activities/attempt\\"}},{\\"id\\":\\"\\",\\"objectType\\":\\"Activity\\",\\"definition\\":{\\"type\\":\\"http://adlnet.gov/expapi/activities/course\\"}},\\"\\"],\\"category\\":[{\\"id\\":\\"https://w3id.org/xapi/scorm\\"}]},\\"registration\\":\\"3df62ee6-8091-48ce-c271-e1b72a2f5a09\\"},\\"result\\":{\\"response\\":\\"f\\"},\\"id\\":\\"c8b24c61-8b50-4433-b3a7-1d1cb2b10771\\"}"	9/9/2019, 6:58:23 PM		on attempting question
942	Statement	Statement	"{\\"actor\\":{\\"mbox\\":\\"mailto:deepak@nextsoftwaresolutions.com\\",\\"name\\":\\"nsstester\\",\\"objectType\\":\\"Agent\\"},\\"verb\\":{\\"id\\":\\"http://adlnet.gov/expapi/verbs/answered\\",\\"display\\":{\\"de-DE\\":\\"beantwortete\\",\\"en-US\\":\\"answered\\",\\"fr-FR\\":\\"a répondu\\",\\"es-ES\\":\\"contestó\\",\\"ar-AR\\":\\"أجاب\\"}},\\"object\\":{\\"objectType\\":\\"Activity\\",\\"id\\":\\"http://nss-grassblade.com/wordpress/gb_xapi_content/fmla/interactions/Scene2_Slide1_TrueFalse_0_1\\",\\"definition\\":{\\"type\\":\\"http://adlnet.gov/expapi/activities/cmi.interaction\\",\\"interactionType\\":\\"\\",\\"correctResponsesPattern\\":[]}},\\"context\\":{\\"contextActivities\\":{\\"parent\\":[{\\"id\\":\\"http://nss-grassblade.com/wordpress/gb_xapi_content/fmla\\",\\"objectType\\":\\"Activity\\",\\"definition\\":{\\"type\\":\\"http://adlnet.gov/expapi/activities/lesson\\"}}],\\"grouping\\":[{\\"id\\":\\"http://nss-grassblade.com/wordpress/gb_xapi_content/fmla?attemptId=39143de1-9048-441d-e6e8-2dffc64456da\\",\\"objectType\\":\\"Activity\\",\\"definition\\":{\\"type\\":\\"http://adlnet.gov/expapi/activities/attempt\\"}},{\\"id\\":\\"\\",\\"objectType\\":\\"Activity\\",\\"definition\\":{\\"type\\":\\"http://adlnet.gov/expapi/activities/course\\"}},\\"\\"],\\"category\\":[{\\"id\\":\\"https://w3id.org/xapi/scorm\\"}]},\\"registration\\":\\"3df62ee6-8091-48ce-c271-e1b72a2f5a09\\"},\\"result\\":{\\"response\\":\\"f\\"},\\"id\\":\\"12a22e5f-1eed-4e68-9bea-87fe40e0633b\\"}"	9/9/2019, 6:58:26 PM		on attempting question
943	SetValue	cmi.interactions.2.correct_responses.0.pattern	f	9/9/2019, 6:58:29 PM	http://nss-grassblade.com/wordpress/gb_xapi_content/fmla	on attempting question
944	SetValue	cmi.interactions.2.result	wrong	9/9/2019, 6:58:31 PM	http://nss-grassblade.com/wordpress/gb_xapi_content/fmla	on attempting question
945	SetValue	cmi.interactions.2.weighting	1	9/9/2019, 6:58:33 PM	http://nss-grassblade.com/wordpress/gb_xapi_content/fmla	on attempting question
946	SetValue	cmi.interactions.2.objectives.0.id	Results	9/9/2019, 6:58:35 PM	http://nss-grassblade.com/wordpress/gb_xapi_content/fmla	on attempting question
947	SetValue	cmi.interactions.2.time	18:58:17	9/9/2019, 6:58:37 PM	http://nss-grassblade.com/wordpress/gb_xapi_content/fmla	on attempting question
948	SetValue	cmi.interactions.3.id	Scene2_Slide1_TrueFalse_0_2	9/9/2019, 6:59:07 PM	http://nss-grassblade.com/wordpress/gb_xapi_content/fmla	on attempting question
949	SetValue	cmi.interactions.3.type	true-false	9/9/2019, 6:59:09 PM	http://nss-grassblade.com/wordpress/gb_xapi_content/fmla	on attempting question
950	SetValue	cmi.interactions.3.student_response	f	9/9/2019, 6:59:11 PM	http://nss-grassblade.com/wordpress/gb_xapi_content/fmla	on attempting question
951	Statement	Statement	"{\\"actor\\":{\\"mbox\\":\\"mailto:deepak@nextsoftwaresolutions.com\\",\\"name\\":\\"nsstester\\",\\"objectType\\":\\"Agent\\"},\\"verb\\":{\\"id\\":\\"http://adlnet.gov/expapi/verbs/answered\\",\\"display\\":{\\"de-DE\\":\\"beantwortete\\",\\"en-US\\":\\"answered\\",\\"fr-FR\\":\\"a répondu\\",\\"es-ES\\":\\"contestó\\",\\"ar-AR\\":\\"أجاب\\"}},\\"object\\":{\\"objectType\\":\\"Activity\\",\\"id\\":\\"http://nss-grassblade.com/wordpress/gb_xapi_content/fmla/interactions/Scene2_Slide1_TrueFalse_0_2\\",\\"definition\\":{\\"type\\":\\"http://adlnet.gov/expapi/activities/cmi.interaction\\",\\"interactionType\\":\\"true-false\\",\\"correctResponsesPattern\\":[]}},\\"context\\":{\\"contextActivities\\":{\\"parent\\":[{\\"id\\":\\"http://nss-grassblade.com/wordpress/gb_xapi_content/fmla\\",\\"objectType\\":\\"Activity\\",\\"definition\\":{\\"type\\":\\"http://adlnet.gov/expapi/activities/lesson\\"}}],\\"grouping\\":[{\\"id\\":\\"http://nss-grassblade.com/wordpress/gb_xapi_content/fmla?attemptId=39143de1-9048-441d-e6e8-2dffc64456da\\",\\"objectType\\":\\"Activity\\",\\"definition\\":{\\"type\\":\\"http://adlnet.gov/expapi/activities/attempt\\"}},{\\"id\\":\\"\\",\\"objectType\\":\\"Activity\\",\\"definition\\":{\\"type\\":\\"http://adlnet.gov/expapi/activities/course\\"}},\\"\\"],\\"category\\":[{\\"id\\":\\"https://w3id.org/xapi/scorm\\"}]},\\"registration\\":\\"3df62ee6-8091-48ce-c271-e1b72a2f5a09\\"},\\"result\\":{\\"response\\":\\"f\\"},\\"id\\":\\"21409276-1c6f-4358-9d7f-054f264d590a\\"}"	9/9/2019, 6:59:13 PM		on attempting question
952	Statement	Statement	"{\\"actor\\":{\\"mbox\\":\\"mailto:deepak@nextsoftwaresolutions.com\\",\\"name\\":\\"nsstester\\",\\"objectType\\":\\"Agent\\"},\\"verb\\":{\\"id\\":\\"http://adlnet.gov/expapi/verbs/answered\\",\\"display\\":{\\"de-DE\\":\\"beantwortete\\",\\"en-US\\":\\"answered\\",\\"fr-FR\\":\\"a répondu\\",\\"es-ES\\":\\"contestó\\",\\"ar-AR\\":\\"أجاب\\"}},\\"object\\":{\\"objectType\\":\\"Activity\\",\\"id\\":\\"http://nss-grassblade.com/wordpress/gb_xapi_content/fmla/interactions/Scene2_Slide1_TrueFalse_0_2\\",\\"definition\\":{\\"type\\":\\"http://adlnet.gov/expapi/activities/cmi.interaction\\",\\"interactionType\\":\\"\\",\\"correctResponsesPattern\\":[]}},\\"context\\":{\\"contextActivities\\":{\\"parent\\":[{\\"id\\":\\"http://nss-grassblade.com/wordpress/gb_xapi_content/fmla\\",\\"objectType\\":\\"Activity\\",\\"definition\\":{\\"type\\":\\"http://adlnet.gov/expapi/activities/lesson\\"}}],\\"grouping\\":[{\\"id\\":\\"http://nss-grassblade.com/wordpress/gb_xapi_content/fmla?attemptId=39143de1-9048-441d-e6e8-2dffc64456da\\",\\"objectType\\":\\"Activity\\",\\"definition\\":{\\"type\\":\\"http://adlnet.gov/expapi/activities/attempt\\"}},{\\"id\\":\\"\\",\\"objectType\\":\\"Activity\\",\\"definition\\":{\\"type\\":\\"http://adlnet.gov/expapi/activities/course\\"}},\\"\\"],\\"category\\":[{\\"id\\":\\"https://w3id.org/xapi/scorm\\"}]},\\"registration\\":\\"3df62ee6-8091-48ce-c271-e1b72a2f5a09\\"},\\"result\\":{\\"response\\":\\"f\\"},\\"id\\":\\"b7821982-f5db-4cc6-91f6-87590f6a43a2\\"}"	9/9/2019, 6:59:16 PM		on attempting question
953	SetValue	cmi.interactions.3.correct_responses.0.pattern	f	9/9/2019, 6:59:18 PM	http://nss-grassblade.com/wordpress/gb_xapi_content/fmla	on attempting question
954	SetValue	cmi.interactions.3.result	wrong	9/9/2019, 6:59:20 PM	http://nss-grassblade.com/wordpress/gb_xapi_content/fmla	on attempting question
955	SetValue	cmi.interactions.3.weighting	1	9/9/2019, 6:59:22 PM	http://nss-grassblade.com/wordpress/gb_xapi_content/fmla	on attempting question
956	SetValue	cmi.interactions.3.objectives.0.id	Results	9/9/2019, 6:59:24 PM	http://nss-grassblade.com/wordpress/gb_xapi_content/fmla	on attempting question
957	SetValue	cmi.interactions.3.time	18:59:07	9/9/2019, 6:59:26 PM	http://nss-grassblade.com/wordpress/gb_xapi_content/fmla	on attempting question
958	SetValue	cmi.interactions.4.id	Scene2_Slide1_TrueFalse_0_3	9/9/2019, 6:59:30 PM	http://nss-grassblade.com/wordpress/gb_xapi_content/fmla	on attempting question
959	SetValue	cmi.interactions.4.type	true-false	9/9/2019, 6:59:32 PM	http://nss-grassblade.com/wordpress/gb_xapi_content/fmla	on attempting question
960	SetValue	cmi.interactions.4.student_response	f	9/9/2019, 6:59:34 PM	http://nss-grassblade.com/wordpress/gb_xapi_content/fmla	on attempting question
961	Statement	Statement	"{\\"actor\\":{\\"mbox\\":\\"mailto:deepak@nextsoftwaresolutions.com\\",\\"name\\":\\"nsstester\\",\\"objectType\\":\\"Agent\\"},\\"verb\\":{\\"id\\":\\"http://adlnet.gov/expapi/verbs/answered\\",\\"display\\":{\\"de-DE\\":\\"beantwortete\\",\\"en-US\\":\\"answered\\",\\"fr-FR\\":\\"a répondu\\",\\"es-ES\\":\\"contestó\\",\\"ar-AR\\":\\"أجاب\\"}},\\"object\\":{\\"objectType\\":\\"Activity\\",\\"id\\":\\"http://nss-grassblade.com/wordpress/gb_xapi_content/fmla/interactions/Scene2_Slide1_TrueFalse_0_3\\",\\"definition\\":{\\"type\\":\\"http://adlnet.gov/expapi/activities/cmi.interaction\\",\\"interactionType\\":\\"true-false\\",\\"correctResponsesPattern\\":[]}},\\"context\\":{\\"contextActivities\\":{\\"parent\\":[{\\"id\\":\\"http://nss-grassblade.com/wordpress/gb_xapi_content/fmla\\",\\"objectType\\":\\"Activity\\",\\"definition\\":{\\"type\\":\\"http://adlnet.gov/expapi/activities/lesson\\"}}],\\"grouping\\":[{\\"id\\":\\"http://nss-grassblade.com/wordpress/gb_xapi_content/fmla?attemptId=39143de1-9048-441d-e6e8-2dffc64456da\\",\\"objectType\\":\\"Activity\\",\\"definition\\":{\\"type\\":\\"http://adlnet.gov/expapi/activities/attempt\\"}},{\\"id\\":\\"\\",\\"objectType\\":\\"Activity\\",\\"definition\\":{\\"type\\":\\"http://adlnet.gov/expapi/activities/course\\"}},\\"\\"],\\"category\\":[{\\"id\\":\\"https://w3id.org/xapi/scorm\\"}]},\\"registration\\":\\"3df62ee6-8091-48ce-c271-e1b72a2f5a09\\"},\\"result\\":{\\"response\\":\\"f\\"},\\"id\\":\\"bfbbcfc2-6eb7-4f17-9b95-c28ae6d67d6d\\"}"	9/9/2019, 6:59:36 PM		on attempting question
962	Statement	Statement	"{\\"actor\\":{\\"mbox\\":\\"mailto:deepak@nextsoftwaresolutions.com\\",\\"name\\":\\"nsstester\\",\\"objectType\\":\\"Agent\\"},\\"verb\\":{\\"id\\":\\"http://adlnet.gov/expapi/verbs/answered\\",\\"display\\":{\\"de-DE\\":\\"beantwortete\\",\\"en-US\\":\\"answered\\",\\"fr-FR\\":\\"a répondu\\",\\"es-ES\\":\\"contestó\\",\\"ar-AR\\":\\"أجاب\\"}},\\"object\\":{\\"objectType\\":\\"Activity\\",\\"id\\":\\"http://nss-grassblade.com/wordpress/gb_xapi_content/fmla/interactions/Scene2_Slide1_TrueFalse_0_3\\",\\"definition\\":{\\"type\\":\\"http://adlnet.gov/expapi/activities/cmi.interaction\\",\\"interactionType\\":\\"\\",\\"correctResponsesPattern\\":[]}},\\"context\\":{\\"contextActivities\\":{\\"parent\\":[{\\"id\\":\\"http://nss-grassblade.com/wordpress/gb_xapi_content/fmla\\",\\"objectType\\":\\"Activity\\",\\"definition\\":{\\"type\\":\\"http://adlnet.gov/expapi/activities/lesson\\"}}],\\"grouping\\":[{\\"id\\":\\"http://nss-grassblade.com/wordpress/gb_xapi_content/fmla?attemptId=39143de1-9048-441d-e6e8-2dffc64456da\\",\\"objectType\\":\\"Activity\\",\\"definition\\":{\\"type\\":\\"http://adlnet.gov/expapi/activities/attempt\\"}},{\\"id\\":\\"\\",\\"objectType\\":\\"Activity\\",\\"definition\\":{\\"type\\":\\"http://adlnet.gov/expapi/activities/course\\"}},\\"\\"],\\"category\\":[{\\"id\\":\\"https://w3id.org/xapi/scorm\\"}]},\\"registration\\":\\"3df62ee6-8091-48ce-c271-e1b72a2f5a09\\"},\\"result\\":{\\"response\\":\\"f\\"},\\"id\\":\\"1657d1d2-5dcc-475e-adc1-6b0fea4478d7\\"}"	9/9/2019, 6:59:38 PM		on attempting question
963	SetValue	cmi.interactions.4.correct_responses.0.pattern	f	9/9/2019, 6:59:41 PM	http://nss-grassblade.com/wordpress/gb_xapi_content/fmla	on attempting question
964	SetValue	cmi.interactions.4.result	wrong	9/9/2019, 6:59:43 PM	http://nss-grassblade.com/wordpress/gb_xapi_content/fmla	on attempting question
965	SetValue	cmi.interactions.4.weighting	1	9/9/2019, 6:59:45 PM	http://nss-grassblade.com/wordpress/gb_xapi_content/fmla	on attempting question
966	SetValue	cmi.interactions.4.objectives.0.id	Results	9/9/2019, 6:59:47 PM	http://nss-grassblade.com/wordpress/gb_xapi_content/fmla	on attempting question
967	SetValue	cmi.interactions.4.time	18:59:30	9/9/2019, 6:59:49 PM	http://nss-grassblade.com/wordpress/gb_xapi_content/fmla	on attempting question
968	SetValue	cmi.interactions.5.id	Scene2_Slide1_TrueFalse_0_4	9/9/2019, 6:59:51 PM	http://nss-grassblade.com/wordpress/gb_xapi_content/fmla	on attempting question
969	SetValue	cmi.interactions.5.type	true-false	9/9/2019, 6:59:53 PM	http://nss-grassblade.com/wordpress/gb_xapi_content/fmla	on attempting question
970	SetValue	cmi.interactions.5.student_response	f	9/9/2019, 6:59:55 PM	http://nss-grassblade.com/wordpress/gb_xapi_content/fmla	on attempting question
971	Statement	Statement	"{\\"actor\\":{\\"mbox\\":\\"mailto:deepak@nextsoftwaresolutions.com\\",\\"name\\":\\"nsstester\\",\\"objectType\\":\\"Agent\\"},\\"verb\\":{\\"id\\":\\"http://adlnet.gov/expapi/verbs/answered\\",\\"display\\":{\\"de-DE\\":\\"beantwortete\\",\\"en-US\\":\\"answered\\",\\"fr-FR\\":\\"a répondu\\",\\"es-ES\\":\\"contestó\\",\\"ar-AR\\":\\"أجاب\\"}},\\"object\\":{\\"objectType\\":\\"Activity\\",\\"id\\":\\"http://nss-grassblade.com/wordpress/gb_xapi_content/fmla/interactions/Scene2_Slide1_TrueFalse_0_4\\",\\"definition\\":{\\"type\\":\\"http://adlnet.gov/expapi/activities/cmi.interaction\\",\\"interactionType\\":\\"true-false\\",\\"correctResponsesPattern\\":[]}},\\"context\\":{\\"contextActivities\\":{\\"parent\\":[{\\"id\\":\\"http://nss-grassblade.com/wordpress/gb_xapi_content/fmla\\",\\"objectType\\":\\"Activity\\",\\"definition\\":{\\"type\\":\\"http://adlnet.gov/expapi/activities/lesson\\"}}],\\"grouping\\":[{\\"id\\":\\"http://nss-grassblade.com/wordpress/gb_xapi_content/fmla?attemptId=39143de1-9048-441d-e6e8-2dffc64456da\\",\\"objectType\\":\\"Activity\\",\\"definition\\":{\\"type\\":\\"http://adlnet.gov/expapi/activities/attempt\\"}},{\\"id\\":\\"\\",\\"objectType\\":\\"Activity\\",\\"definition\\":{\\"type\\":\\"http://adlnet.gov/expapi/activities/course\\"}},\\"\\"],\\"category\\":[{\\"id\\":\\"https://w3id.org/xapi/scorm\\"}]},\\"registration\\":\\"3df62ee6-8091-48ce-c271-e1b72a2f5a09\\"},\\"result\\":{\\"response\\":\\"f\\"},\\"id\\":\\"954c30e1-6cfa-472b-af29-66c1a55e86f0\\"}"	9/9/2019, 6:59:57 PM		on attempting question
972	Statement	Statement	"{\\"actor\\":{\\"mbox\\":\\"mailto:deepak@nextsoftwaresolutions.com\\",\\"name\\":\\"nsstester\\",\\"objectType\\":\\"Agent\\"},\\"verb\\":{\\"id\\":\\"http://adlnet.gov/expapi/verbs/answered\\",\\"display\\":{\\"de-DE\\":\\"beantwortete\\",\\"en-US\\":\\"answered\\",\\"fr-FR\\":\\"a répondu\\",\\"es-ES\\":\\"contestó\\",\\"ar-AR\\":\\"أجاب\\"}},\\"object\\":{\\"objectType\\":\\"Activity\\",\\"id\\":\\"http://nss-grassblade.com/wordpress/gb_xapi_content/fmla/interactions/Scene2_Slide1_TrueFalse_0_4\\",\\"definition\\":{\\"type\\":\\"http://adlnet.gov/expapi/activities/cmi.interaction\\",\\"interactionType\\":\\"\\",\\"correctResponsesPattern\\":[]}},\\"context\\":{\\"contextActivities\\":{\\"parent\\":[{\\"id\\":\\"http://nss-grassblade.com/wordpress/gb_xapi_content/fmla\\",\\"objectType\\":\\"Activity\\",\\"definition\\":{\\"type\\":\\"http://adlnet.gov/expapi/activities/lesson\\"}}],\\"grouping\\":[{\\"id\\":\\"http://nss-grassblade.com/wordpress/gb_xapi_content/fmla?attemptId=39143de1-9048-441d-e6e8-2dffc64456da\\",\\"objectType\\":\\"Activity\\",\\"definition\\":{\\"type\\":\\"http://adlnet.gov/expapi/activities/attempt\\"}},{\\"id\\":\\"\\",\\"objectType\\":\\"Activity\\",\\"definition\\":{\\"type\\":\\"http://adlnet.gov/expapi/activities/course\\"}},\\"\\"],\\"category\\":[{\\"id\\":\\"https://w3id.org/xapi/scorm\\"}]},\\"registration\\":\\"3df62ee6-8091-48ce-c271-e1b72a2f5a09\\"},\\"result\\":{\\"response\\":\\"f\\"},\\"id\\":\\"943c7b54-2f39-4417-a085-04b12ae6fd71\\"}"	9/9/2019, 6:59:59 PM		on attempting question
973	SetValue	cmi.interactions.5.correct_responses.0.pattern	f	9/9/2019, 7:00:02 PM	http://nss-grassblade.com/wordpress/gb_xapi_content/fmla	on attempting question
974	SetValue	cmi.interactions.5.result	wrong	9/9/2019, 7:00:04 PM	http://nss-grassblade.com/wordpress/gb_xapi_content/fmla	on attempting question
975	SetValue	cmi.interactions.5.weighting	1	9/9/2019, 7:00:06 PM	http://nss-grassblade.com/wordpress/gb_xapi_content/fmla	on attempting question
976	SetValue	cmi.interactions.5.objectives.0.id	Results	9/9/2019, 7:00:08 PM	http://nss-grassblade.com/wordpress/gb_xapi_content/fmla	on attempting question
977	SetValue	cmi.interactions.5.time	18:59:51	9/9/2019, 7:00:10 PM	http://nss-grassblade.com/wordpress/gb_xapi_content/fmla	on attempting question
978	GetValue	cmi.core.lesson_status	incomplete	9/9/2019, 7:02:13 PM	http://nss-grassblade.com/wordpress/gb_xapi_content/fmla	on suspending
979	GetValue	cmi.core.lesson_status	incomplete	9/9/2019, 7:02:15 PM	http://nss-grassblade.com/wordpress/gb_xapi_content/fmla	on suspending
980	GetValue	cmi.core.score.raw	0	9/9/2019, 7:02:17 PM	http://nss-grassblade.com/wordpress/gb_xapi_content/fmla	on suspending
981	GetValue	cmi.core.score.raw	0	9/9/2019, 7:02:19 PM	http://nss-grassblade.com/wordpress/gb_xapi_content/fmla	on suspending
982	GetValue	cmi.core.score.min	0	9/9/2019, 7:02:21 PM	http://nss-grassblade.com/wordpress/gb_xapi_content/fmla	on suspending
983	GetValue	cmi.core.score.max	100	9/9/2019, 7:02:23 PM	http://nss-grassblade.com/wordpress/gb_xapi_content/fmla	on suspending
984	Statement	Statement	"{\\"actor\\":{\\"mbox\\":\\"mailto:deepak@nextsoftwaresolutions.com\\",\\"name\\":\\"nsstester\\",\\"objectType\\":\\"Agent\\"},\\"verb\\":{\\"id\\":\\"http://adlnet.gov/expapi/verbs/suspended\\",\\"display\\":{\\"de-DE\\":\\"pausierte\\",\\"en-US\\":\\"suspended\\",\\"fr-FR\\":\\"a suspendu\\",\\"es-ES\\":\\"aplazó\\",\\"ar-AR\\":\\"علق\\"}},\\"object\\":{\\"id\\":\\"http://nss-grassblade.com/wordpress/gb_xapi_content/fmla\\",\\"definition\\":{\\"type\\":\\"http://adlnet.gov/expapi/activities/lesson\\"}},\\"context\\":{\\"contextActivities\\":{\\"grouping\\":[{\\"id\\":\\"http://nss-grassblade.com/wordpress/gb_xapi_content/fmla?attemptId=39143de1-9048-441d-e6e8-2dffc64456da\\",\\"objectType\\":\\"Activity\\",\\"definition\\":{\\"type\\":\\"http://adlnet.gov/expapi/activities/attempt\\"}},{\\"id\\":\\"\\",\\"objectType\\":\\"Activity\\",\\"definition\\":{\\"type\\":\\"http://adlnet.gov/expapi/activities/course\\"}},\\"\\"],\\"category\\":[{\\"id\\":\\"https://w3id.org/xapi/scorm\\"}]},\\"registration\\":\\"3df62ee6-8091-48ce-c271-e1b72a2f5a09\\"},\\"result\\":{\\"completion\\":false,\\"score\\":{\\"scaled\\":0,\\"raw\\":0,\\"min\\":0,\\"max\\":100}},\\"id\\":\\"4d830a63-0c65-4a77-b1b8-9ecccbc94708\\"}"	9/9/2019, 7:02:25 PM		on suspending
